payer_account_id,total_revenue,monthly_revenue
26,40.85999999999999,20.429999999999996
34,516.43,258.215
56,202.11,101.055
222,3.8199999999999994,1.9099999999999997
471,99.77999999999999,49.88999999999999
531,2274.04,758.0133333333333
1056,14.0,14.0
